{
    "loss": 1.8415639400482178,
    "accuracy": 0.6372548937797546
}