{
    "loss": 8.72315502166748,
    "accuracy": 0.6274510025978088
}